"","package","dependencies"
"1","tidyverse","askpass, backports, base64enc, bit, bit64, blob, broom, bslib, cachem, callr, cellranger, cli, clipr, conflicted, cpp11, crayon, curl, data.table, DBI, dbplyr, digest, dplyr, dtplyr, evaluate, farver, fastmap, fontawesome, forcats, fs, gargle, generics, ggplot2, glue, googledrive, googlesheets4, graphics, grDevices, grid, gtable, haven, highr, hms, htmltools, httr, ids, isoband, jquerylib, jsonlite, knitr, labeling, lattice, lifecycle, lubridate, magrittr, MASS, Matrix, memoise, methods, mgcv, mime, modelr, nlme, openssl, pillar, pkgconfig, prettyunits, processx, progress, ps, purrr, R6, ragg, rappdirs, RColorBrewer, readr, readxl, rematch, rematch2, reprex, rlang, rmarkdown, rstudioapi, rvest, sass, scales, selectr, splines, stats, stringi, stringr, sys, systemfonts, textshaping, tibble, tidyr, tidyselect, timechange, tinytex, tools, tzdb, utf8, utils, uuid, vctrs, viridisLite, vroom, withr, xfun, xml2, yaml"
"2","recodeflow","bit, bit64, cli, clipr, cpp11, crayon, datawizard, dplyr, forcats, generics, glue, graphics, grDevices, haven, hms, insight, lifecycle, magrittr, methods, pillar, pkgconfig, prettyunits, progress, purrr, R6, readr, rlang, sjlabelled, stats, stringi, stringr, tibble, tidyr, tidyselect, tools, tzdb, utf8, utils, vctrs, vroom, withr, XML"
"3","mice","backports, bit, bit64, boot, broom, cli, clipr, codetools, cpp11, crayon, dplyr, forcats, foreach, generics, glmnet, glue, graphics, grDevices, grid, haven, hms, iterators, jomo, lattice, lifecycle, lme4, magrittr, MASS, Matrix, methods, minqa, mitml, nlme, nloptr, nnet, numDeriv, ordinal, pan, parallel, pillar, pkgconfig, prettyunits, progress, purrr, R6, rbibutils, Rcpp, RcppEigen, Rdpack, readr, reformulas, rlang, rpart, shape, splines, stats, stringi, stringr, survival, tibble, tidyr, tidyselect, tools, tzdb, ucminf, utf8, utils, vctrs, vroom, withr"
"4","gtsummary","base64enc, bigD, bitops, bslib, cachem, cards, cardx, cli, commonmark, cpp11, curl, digest, dplyr, evaluate, farver, fastmap, fontawesome, fs, generics, glue, graphics, grDevices, gt, highr, htmltools, htmlwidgets, jquerylib, jsonlite, juicyjuice, knitr, labeling, lifecycle, litedown, magrittr, markdown, memoise, methods, mime, pillar, pkgconfig, purrr, R6, rappdirs, RColorBrewer, Rcpp, reactable, reactR, rlang, rmarkdown, sass, scales, stats, stringi, stringr, tibble, tidyr, tidyselect, tinytex, tools, utf8, utils, V8, vctrs, viridisLite, withr, xfun, xml2, yaml"
"5","labelled","bit, bit64, cli, clipr, cpp11, crayon, dplyr, forcats, generics, glue, graphics, grDevices, haven, hms, lifecycle, magrittr, methods, pillar, pkgconfig, prettyunits, progress, purrr, R6, readr, rlang, stats, stringi, stringr, tibble, tidyr, tidyselect, tools, tzdb, utf8, utils, vctrs, vroom, withr"
"6","here","rprojroot"
"7","fastDummies","cli, data.table, glue, lifecycle, magrittr, methods, pillar, pkgconfig, rlang, stats, stringi, stringr, tibble, tools, utf8, utils, vctrs"
"8","rms","backports, base64enc, bslib, cachem, checkmate, cli, cluster, codetools, colorspace, data.table, digest, evaluate, farver, fastmap, fontawesome, foreign, Formula, fs, ggplot2, glue, graphics, grDevices, grid, gridExtra, gtable, highr, Hmisc, htmlTable, htmltools, htmlwidgets, isoband, jquerylib, jsonlite, knitr, labeling, lattice, lifecycle, magrittr, MASS, Matrix, MatrixModels, memoise, methods, mgcv, mime, multcomp, mvtnorm, nlme, nnet, pillar, pkgconfig, polspline, quantreg, R6, rappdirs, RColorBrewer, rlang, rmarkdown, rpart, rstudioapi, sandwich, sass, scales, SparseM, splines, stats, stringi, stringr, survival, TH.data, tibble, tinytex, tools, utf8, utils, vctrs, viridis, viridisLite, withr, xfun, yaml, zoo"
"9","Hmisc","backports, base64enc, bslib, cachem, checkmate, cli, cluster, colorspace, data.table, digest, evaluate, farver, fastmap, fontawesome, foreign, Formula, fs, ggplot2, glue, graphics, grDevices, grid, gridExtra, gtable, highr, htmlTable, htmltools, htmlwidgets, isoband, jquerylib, jsonlite, knitr, labeling, lattice, lifecycle, magrittr, MASS, Matrix, memoise, methods, mgcv, mime, nlme, nnet, pillar, pkgconfig, R6, rappdirs, RColorBrewer, rlang, rmarkdown, rpart, rstudioapi, sass, scales, splines, stats, stringi, stringr, tibble, tinytex, tools, utf8, utils, vctrs, viridis, viridisLite, withr, xfun, yaml"
"10","tidylog","cli, clisymbols, cpp11, dplyr, generics, glue, graphics, grDevices, lifecycle, magrittr, methods, pillar, pkgconfig, purrr, R6, rlang, stats, stringi, stringr, tibble, tidyr, tidyselect, tools, utf8, utils, vctrs, withr"
"11","cowplot","cli, farver, ggplot2, glue, graphics, grDevices, grid, gtable, isoband, labeling, lattice, lifecycle, magrittr, MASS, Matrix, methods, mgcv, nlme, pillar, pkgconfig, R6, RColorBrewer, rlang, scales, splines, stats, tibble, utf8, utils, vctrs, viridisLite, withr"
"12","glue","methods"
"13","janitor","cli, cpp11, dplyr, generics, glue, graphics, grDevices, hms, lifecycle, lubridate, magrittr, methods, pillar, pkgconfig, purrr, R6, rlang, snakecase, stats, stringi, stringr, tibble, tidyr, tidyselect, timechange, tools, utf8, utils, vctrs, withr"
"14","readxl","cellranger, cli, cpp11, crayon, glue, grDevices, hms, lifecycle, magrittr, methods, pillar, pkgconfig, prettyunits, progress, R6, rematch, rlang, tibble, utf8, utils, vctrs"
"15","writexl",""
"16","betareg","flexmix, Formula, graphics, grDevices, grid, lattice, lmtest, methods, modeltools, nnet, sandwich, stats, stats4, utils, zoo"
"17","tidymodels","backports, broom, cachem, class, cli, clock, codetools, conflicted, cpp11, data.table, diagram, dials, DiceDesign, digest, dplyr, farver, fastmap, furrr, future, future.apply, generics, ggplot2, globals, glue, gower, GPfit, graphics, grDevices, grid, gtable, hardhat, infer, ipred, isoband, KernSmooth, labeling, lattice, lava, lhs, lifecycle, listenv, lubridate, magrittr, MASS, Matrix, memoise, methods, mgcv, modeldata, modelenv, nlme, nnet, numDeriv, parallel, parallelly, parsnip, patchwork, pillar, pkgconfig, prettyunits, prodlim, progressr, purrr, R6, RColorBrewer, Rcpp, recipes, rlang, rpart, rsample, rstudioapi, scales, sfd, shape, slider, sparsevctrs, splines, SQUAREM, stats, stringi, stringr, survival, tailor, tibble, tidyr, tidyselect, timechange, timeDate, tools, tune, tzdb, utf8, utils, vctrs, viridisLite, warp, withr, workflows, workflowsets, yardstick"
"18","cchsflow","bit, bit64, cli, clipr, cpp11, crayon, datawizard, dplyr, forcats, generics, glue, graphics, grDevices, haven, hms, insight, lifecycle, magrittr, methods, pillar, pkgconfig, prettyunits, progress, R6, readr, rlang, sjlabelled, stats, stringi, stringr, tibble, tidyselect, tools, tzdb, utf8, utils, vctrs, vroom, withr"
"19","cmprsk","graphics, grDevices, grid, lattice, Matrix, methods, splines, stats, survival, utils"
"20","survival","graphics, grDevices, grid, lattice, Matrix, methods, splines, stats, utils"
"21","dials","cli, DiceDesign, dplyr, farver, generics, glue, graphics, grDevices, hardhat, labeling, lifecycle, magrittr, methods, pillar, pkgconfig, purrr, R6, RColorBrewer, rlang, scales, sfd, sparsevctrs, stats, tibble, tidyselect, utf8, utils, vctrs, viridisLite, withr"
"22","config","yaml"
"23","epitools",""
"24","flextable","askpass, base64enc, bslib, cachem, cli, cpp11, data.table, digest, evaluate, fastmap, fontawesome, fontBitstreamVera, fontLiberation, fontquiver, fs, gdtools, glue, graphics, grDevices, grid, highr, htmltools, jquerylib, jsonlite, knitr, lifecycle, memoise, methods, mime, officer, openssl, R6, ragg, rappdirs, Rcpp, rlang, rmarkdown, sass, stats, stringi, sys, systemfonts, textshaping, tinytex, tools, utils, uuid, xfun, xml2, yaml, zip"
"25","ftExtra","askpass, base64enc, bslib, cachem, cli, cpp11, data.table, digest, dplyr, evaluate, fastmap, flextable, fontawesome, fontBitstreamVera, fontLiberation, fontquiver, fs, gdtools, generics, glue, graphics, grDevices, grid, highr, htmltools, jquerylib, jsonlite, knitr, lifecycle, magrittr, memoise, methods, mime, officer, openssl, pillar, pkgconfig, purrr, R6, ragg, rappdirs, Rcpp, rlang, rmarkdown, sass, stats, stringi, stringr, sys, systemfonts, textshaping, tibble, tidyr, tidyselect, tinytex, tools, utf8, utils, uuid, vctrs, withr, xfun, xml2, yaml, zip"
"26","ggplot2","cli, farver, glue, graphics, grDevices, grid, gtable, isoband, labeling, lattice, lifecycle, magrittr, MASS, Matrix, methods, mgcv, nlme, pillar, pkgconfig, R6, RColorBrewer, rlang, scales, splines, stats, tibble, utf8, utils, vctrs, viridisLite, withr"
"27","haven","bit, bit64, cli, clipr, cpp11, crayon, forcats, glue, graphics, grDevices, hms, lifecycle, magrittr, methods, pillar, pkgconfig, prettyunits, progress, R6, readr, rlang, stats, tibble, tidyselect, tzdb, utf8, utils, vctrs, vroom, withr"
"28","jsonlite","methods"
"29","kableExtra","base64enc, bslib, cachem, cli, cpp11, digest, evaluate, farver, fastmap, fontawesome, fs, glue, graphics, grDevices, grid, highr, htmltools, jquerylib, jsonlite, knitr, labeling, lifecycle, magrittr, memoise, methods, mime, R6, rappdirs, RColorBrewer, rlang, rmarkdown, rstudioapi, sass, scales, stats, stringi, stringr, svglite, systemfonts, textshaping, tinytex, tools, utils, vctrs, viridisLite, xfun, xml2, yaml"
"30","logger","utils"
"31","magrittr",""
"32","memoise","cachem, fastmap, rlang, utils"
"33","devtools","askpass, base64enc, brew, brio, bslib, cachem, callr, cli, clipr, commonmark, cpp11, crayon, credentials, curl, desc, diffobj, digest, downlit, ellipsis, evaluate, fansi, fastmap, fontawesome, fs, gert, gh, gitcreds, glue, graphics, grDevices, grid, highr, htmltools, htmlwidgets, httpuv, httr2, ini, jquerylib, jsonlite, knitr, later, lifecycle, magrittr, memoise, methods, mime, miniUI, openssl, pillar, pkgbuild, pkgconfig, pkgdown, pkgload, praise, prettyunits, processx, profvis, promises, ps, purrr, R6, ragg, rappdirs, rcmdcheck, Rcpp, remotes, rlang, rmarkdown, roxygen2, rprojroot, rstudioapi, rversions, sass, sessioninfo, shiny, sourcetools, stats, stringi, stringr, sys, systemfonts, testthat, textshaping, tibble, tinytex, tools, urlchecker, usethis, utf8, utils, vctrs, waldo, whisker, withr, xfun, xml2, xopen, xtable, yaml, zip"
"34","tibble","cli, glue, lifecycle, magrittr, methods, pillar, pkgconfig, rlang, utf8, utils, vctrs"
"35","purrr","cli, glue, lifecycle, magrittr, methods, rlang, utils, vctrs"
"36","quarto","base64enc, bslib, cachem, cli, digest, evaluate, fastmap, fontawesome, fs, glue, grDevices, highr, htmltools, jquerylib, jsonlite, knitr, later, lifecycle, memoise, methods, mime, processx, ps, R6, rappdirs, Rcpp, rlang, rmarkdown, rstudioapi, sass, stats, tinytex, tools, utils, xfun, yaml"
"37","pkgdown","askpass, base64enc, brio, bslib, cachem, callr, cli, cpp11, curl, desc, digest, downlit, evaluate, fansi, fastmap, fontawesome, fs, glue, graphics, grDevices, grid, highr, htmltools, httr2, jquerylib, jsonlite, knitr, lifecycle, magrittr, memoise, methods, mime, openssl, pillar, pkgconfig, processx, ps, purrr, R6, ragg, rappdirs, rlang, rmarkdown, sass, stats, stringi, sys, systemfonts, textshaping, tibble, tinytex, tools, utf8, utils, vctrs, whisker, withr, xfun, xml2, yaml"
"38","lintr","backports, cli, codetools, digest, evaluate, glue, grDevices, highr, knitr, lazyeval, methods, rex, rlang, stats, tools, utils, xfun, xml2, xmlparsedata, yaml"
"39","stylr",""
"40","osfr","askpass, cachem, cli, crul, curl, fastmap, fs, glue, httpcode, httr, jsonlite, lifecycle, magrittr, memoise, methods, mime, openssl, pillar, pkgconfig, purrr, R6, Rcpp, rlang, stats, stringi, sys, tibble, tools, triebeard, urltools, utf8, utils, vctrs"
"41","parsnip","cli, codetools, cpp11, dplyr, farver, generics, ggplot2, globals, glue, graphics, grDevices, grid, gtable, hardhat, isoband, labeling, lattice, lifecycle, magrittr, MASS, Matrix, methods, mgcv, nlme, pillar, pkgconfig, prettyunits, purrr, R6, RColorBrewer, rlang, scales, sparsevctrs, splines, stats, stringi, stringr, tibble, tidyr, tidyselect, tools, utf8, utils, vctrs, viridisLite, withr"
"42","pmsampsize",""
"43","ranger","graphics, grDevices, grid, lattice, Matrix, methods, Rcpp, RcppEigen, stats, utils"
"44","rsample","cli, codetools, cpp11, digest, dplyr, furrr, future, generics, globals, glue, graphics, grDevices, lifecycle, listenv, magrittr, methods, parallel, parallelly, pillar, pkgconfig, purrr, R6, rlang, slider, stats, stringi, stringr, tibble, tidyr, tidyselect, tools, utf8, utils, vctrs, warp, withr"
"45","stringr","cli, glue, lifecycle, magrittr, methods, rlang, stats, stringi, tools, utils, vctrs"
"46","targets","backports, base64url, callr, cli, codetools, cpp11, data.table, evaluate, glue, graphics, grDevices, grid, highr, igraph, knitr, lattice, lifecycle, magrittr, Matrix, methods, pillar, pkgconfig, prettyunits, processx, ps, R6, rlang, secretbase, stats, tibble, tidyselect, tools, utf8, utils, vctrs, withr, xfun, yaml"
"47","utils",""
"48","xgboost","data.table, graphics, grDevices, grid, jsonlite, lattice, Matrix, methods, stats, utils"
"49","yardstick","cli, dplyr, generics, glue, graphics, grDevices, hardhat, lifecycle, magrittr, methods, pillar, pkgconfig, R6, rlang, sparsevctrs, tibble, tidyselect, utf8, utils, vctrs, withr"
"50","DescTools","askpass, base, bit, bit64, boot, cellranger, class, cli, clipr, cpp11, crayon, curl, data.table, e1071, Exact, expm, forcats, fs, gld, glue, graphics, grDevices, grid, haven, hms, httr, jsonlite, lattice, lifecycle, lmom, magrittr, MASS, Matrix, methods, mime, mvtnorm, openssl, pillar, pkgconfig, prettyunits, progress, proxy, R6, Rcpp, readr, readxl, rematch, rlang, rootSolve, rstudioapi, stats, sys, tibble, tidyselect, tools, tzdb, utf8, utils, vctrs, vroom, withr"
"51","survminer","abind, backports, boot, broom, car, carData, cli, commonmark, corrplot, cowplot, cpp11, curl, data.table, Deriv, doBy, dplyr, evaluate, exactRankTests, farver, Formula, generics, ggplot2, ggpubr, ggrepel, ggsci, ggsignif, ggtext, glue, graphics, grDevices, grid, gridExtra, gridtext, gtable, highr, isoband, jpeg, km.ci, KMsurv, knitr, labeling, lattice, lifecycle, litedown, lme4, magrittr, markdown, MASS, Matrix, MatrixModels, maxstat, methods, mgcv, microbenchmark, minqa, modelr, mvtnorm, nlme, nloptr, nnet, numDeriv, parallel, pbkrtest, pillar, pkgconfig, png, polynom, purrr, quantreg, R6, rbibutils, RColorBrewer, Rcpp, RcppEigen, Rdpack, reformulas, rlang, rstatix, scales, SparseM, splines, stats, stringi, stringr, survival, survMisc, tibble, tidyr, tidyselect, tools, utf8, utils, vctrs, viridisLite, withr, xfun, xml2, xtable, yaml, zoo"
"52","patchwork","cli, farver, ggplot2, glue, graphics, grDevices, grid, gtable, isoband, labeling, lattice, lifecycle, magrittr, MASS, Matrix, methods, mgcv, nlme, pillar, pkgconfig, R6, RColorBrewer, rlang, scales, splines, stats, tibble, utf8, utils, vctrs, viridisLite, withr"
"53","tune","class, cli, clock, codetools, cpp11, data.table, diagram, dials, DiceDesign, digest, dplyr, farver, furrr, future, future.apply, generics, ggplot2, globals, glue, gower, GPfit, graphics, grDevices, grid, gtable, hardhat, ipred, isoband, KernSmooth, labeling, lattice, lava, lhs, lifecycle, listenv, lubridate, magrittr, MASS, Matrix, methods, mgcv, modelenv, nlme, nnet, numDeriv, parallel, parallelly, parsnip, pillar, pkgconfig, prettyunits, prodlim, progressr, purrr, R6, RColorBrewer, Rcpp, recipes, rlang, rpart, rsample, scales, sfd, shape, slider, sparsevctrs, splines, SQUAREM, stats, stringi, stringr, survival, tailor, tibble, tidyr, tidyselect, timechange, timeDate, tools, tzdb, utf8, utils, vctrs, viridisLite, warp, withr, workflows, yardstick"
"54","dplyr","cli, generics, glue, graphics, grDevices, lifecycle, magrittr, methods, pillar, pkgconfig, R6, rlang, tibble, tidyselect, utf8, utils, vctrs, withr"
"55","reshape","methods, plyr, Rcpp, utils"
"56","riskRegression","backports, base64enc, bslib, cachem, checkmate, cli, cluster, cmprsk, codetools, colorspace, data.table, diagram, digest, doParallel, evaluate, farver, fastmap, fontawesome, foreach, foreign, Formula, fs, future, future.apply, ggplot2, glmnet, globals, glue, graphics, grDevices, grid, gridExtra, gtable, highr, Hmisc, htmlTable, htmltools, htmlwidgets, isoband, iterators, jquerylib, jsonlite, KernSmooth, knitr, labeling, lattice, lava, lifecycle, listenv, magrittr, MASS, Matrix, MatrixModels, memoise, methods, mets, mgcv, mime, multcomp, mvtnorm, nlme, nnet, numDeriv, parallel, parallelly, pillar, pkgconfig, plotrix, polspline, prodlim, progressr, Publish, quantreg, R6, ranger, rappdirs, RColorBrewer, Rcpp, RcppArmadillo, RcppEigen, rlang, rmarkdown, rms, rpart, rstudioapi, sandwich, sass, scales, shape, SparseM, splines, SQUAREM, stats, stringi, stringr, survival, TH.data, tibble, timereg, tinytex, tools, utf8, utils, vctrs, viridis, viridisLite, withr, xfun, yaml, zoo"
"57","pec","backports, base64enc, bslib, cachem, checkmate, cli, cluster, cmprsk, codetools, colorspace, data.table, diagram, digest, doParallel, evaluate, farver, fastmap, fontawesome, foreach, foreign, Formula, fs, future, future.apply, ggplot2, glmnet, globals, glue, graphics, grDevices, grid, gridExtra, gtable, highr, Hmisc, htmlTable, htmltools, htmlwidgets, isoband, iterators, jquerylib, jsonlite, KernSmooth, knitr, labeling, lattice, lava, lifecycle, listenv, magrittr, MASS, Matrix, MatrixModels, memoise, methods, mets, mgcv, mime, multcomp, mvtnorm, nlme, nnet, numDeriv, parallel, parallelly, pillar, pkgconfig, plotrix, polspline, prodlim, progressr, Publish, quantreg, R6, ranger, rappdirs, RColorBrewer, Rcpp, RcppArmadillo, RcppEigen, riskRegression, rlang, rmarkdown, rms, rpart, rstudioapi, sandwich, sass, scales, shape, SparseM, splines, SQUAREM, stats, stringi, stringr, survival, TH.data, tibble, timereg, tinytex, tools, utf8, utils, vctrs, viridis, viridisLite, withr, xfun, yaml, zoo"
"58","timeROC","backports, base64enc, bslib, cachem, checkmate, cli, cluster, cmprsk, codetools, colorspace, data.table, diagram, digest, doParallel, evaluate, farver, fastmap, fontawesome, foreach, foreign, Formula, fs, future, future.apply, ggplot2, glmnet, globals, glue, graphics, grDevices, grid, gridExtra, gtable, highr, Hmisc, htmlTable, htmltools, htmlwidgets, isoband, iterators, jquerylib, jsonlite, KernSmooth, knitr, labeling, lattice, lava, lifecycle, listenv, magrittr, MASS, Matrix, MatrixModels, memoise, methods, mets, mgcv, mime, multcomp, mvtnorm, nlme, nnet, numDeriv, parallel, parallelly, pec, pillar, pkgconfig, plotrix, polspline, prodlim, progressr, Publish, quantreg, R6, ranger, rappdirs, RColorBrewer, Rcpp, RcppArmadillo, RcppEigen, riskRegression, rlang, rmarkdown, rms, rpart, rstudioapi, sandwich, sass, scales, shape, SparseM, splines, SQUAREM, stats, stringi, stringr, survival, TH.data, tibble, timereg, tinytex, tools, utf8, utils, vctrs, viridis, viridisLite, withr, xfun, yaml, zoo"
"59","tableone","bit, bit64, class, cli, clipr, cpp11, crayon, DBI, dplyr, e1071, forcats, gdata, generics, glue, gmodels, graphics, grDevices, grid, gtools, haven, hms, labelled, lattice, lifecycle, magrittr, MASS, Matrix, methods, minqa, mitools, nlme, numDeriv, pillar, pkgconfig, prettyunits, progress, proxy, purrr, R6, Rcpp, RcppArmadillo, readr, rlang, splines, stats, stringi, stringr, survey, survival, tibble, tidyr, tidyselect, tools, tzdb, utf8, utils, vctrs, vroom, withr, zoo"
"60","gbm","graphics, grDevices, grid, lattice, Matrix, methods, parallel, splines, stats, survival, utils"
