variable,role,label,labelLong,section,subject,variableType,units,databaseStart,variableStart,description,Transformation,Column1,Column2,
ADL_01,intermediate,Help preparing meals,Needs help - preparing meals,Health status,ADL,Categorical,N/A,"cchs2001_p, cchs2003_p, cchs2005_p, cchs2007_2008_p, cchs2009_2010_p, cchs2010_p, cchs2011_2012_p, cchs2012_p, cchs2013_2014_p, cchs2014_p, cchs2015_2016_p, cchs2017_2018_p, cchs2009_s, cchs2010_s, cchs2012_s, cchs2013_2014_i, cchs_2014_i","cchs2001_p::RACA_6A, cchs2003_p::RACC_6A, cchs2005_p::RACE_6A, cchs2007_2008_p::RAC_6A, cchs2015_2016_p::ADL_005, cchs2017_2018_p::ADL_005, [ADL_01]",,,,,
ADL_02,intermediate,Help appointments/errands,Needs help - getting to appointments/errands,Health status,ADL,Categorical,N/A,"cchs2001_p, cchs2003_p, cchs2005_p, cchs2007_2008_p, cchs2009_2010_p, cchs2010_p, cchs2011_2012_p, cchs2012_p, cchs2013_2014_p, cchs2014_p, cchs2015_2016_p, cchs2017_2018_p, cchs2009_s, cchs2010_s, cchs2012_s, cchs2013_2014_i, cchs_2014_i","cchs2001_p::RACA_6B, cchs2003_p::RACC_6B1, cchs2005_p::RACE_6B1, cchs2007_2008_p::RAC_6B1, cchs2015_2016_p::ADL_010, cchs2017_2018_p::ADL_010, [ADL_02]",,,,,
ADL_03,intermediate,Help housework,Needs help - doing housework,Health status,ADL,Categorical,N/A,"cchs2001_p, cchs2003_p, cchs2005_p, cchs2007_2008_p, cchs2009_2010_p, cchs2010_p, cchs2011_2012_p, cchs2012_p, cchs2013_2014_p, cchs2014_p, cchs2015_2016_p, cchs2017_2018_p, cchs2009_s, cchs2010_s, cchs2012_s, cchs2013_2014_i, cchs_2014_i","cchs2001_p::RACA_6C, cchs2003_p::RACC_6C, cchs2005_p::RACE_6C, cchs2007_2008_p::RAC_6C, cchs2015_2016_p::ADL_015, cchs2017_2018_p::ADL_015, [ADL_03]",,,,,
ADL_04,intermediate,Help personal care,Needs help - personal care,Health status,ADL,Categorical,N/A,"cchs2001_p, cchs2003_p, cchs2005_p, cchs2007_2008_p, cchs2009_2010_p, cchs2010_p, cchs2011_2012_p, cchs2012_p, cchs2013_2014_p, cchs2014_p, cchs2015_2016_p, cchs2017_2018_p, cchs2009_s, cchs2010_s, cchs2012_s, cchs2013_2014_i, cchs_2014_i","cchs2001_p::RACA_6E, cchs2003_p::RACC_6E, cchs2005_p::RACE_6E, cchs2007_2008_p::RAC_6E, cchs2015_2016_p::ADL_020, cchs2017_2018_p::ADL_020[ADL_04]",,,,,
ADL_05,intermediate,Help move inside house,Needs help - moving about inside house,Health status,ADL,Categorical,N/A,"cchs2001_p, cchs2003_p, cchs2005_p, cchs2007_2008_p, cchs2009_2010_p, cchs2010_p, cchs2011_2012_p, cchs2012_p, cchs2013_2014_p, cchs2014_p, cchs2015_2016_p, cchs2017_2018_p, cchs2009_s, cchs2010_s, cchs2012_s, cchs2013_2014_i, cchs_2014_i","cchs2001_p::RACA_6F, cchs2003_p::RACC_6F, cchs2005_p::RACE_6F, cchs2007_2008_p::RAC_6F, cchs2015_2016_p::ADL_025, cchs2017_2018_p::ADL_025, [ADL_05]",,,,,
ADL_der,imputation-variable,Derived help tasks,Derived needs help with tasks,Health status,ADL,Categorical,N/A,"cchs2001_p, cchs2003_p, cchs2005_p, cchs2007_2008_p, cchs2009_2010_p, cchs2010_p, cchs2011_2012_p, cchs2012_p, cchs2013_2014_p, cchs2014_p, cchs2015_2016_p, cchs2017_2018_p, cchs2009_s, cchs2010_s, cchs2012_s, cchs2013_2014_i, cchs_2014_i","DerivedVar::[ADL_01, ADL_02, ADL_03, ADL_04, ADL_05]",,,,,
ADL_score_5,imputation-variable,ADL score ,"Derived using the ADL variables common to all cycles from 2001 to 2014 (ADL_01,  ADL_02,  ADL_03,  ADL_04, ADL_05) to represent the number of tasks that an individual needs help with.",Health status,ADL,Categorical,N/A,"cchs2001_p, cchs2003_p, cchs2005_p, cchs2007_2008_p, cchs2009_2010_p, cchs2010_p, cchs2011_2012_p, cchs2012_p, cchs2013_2014_p, cchs2014_p, cchs2015_2016_p, cchs2017_2018_p, cchs2009_s, cchs2010_s, cchs2012_s, cchs2013_2014_i, cchs_2014_i","DerivedVar::[ADL_01, ADL_02, ADL_03, ADL_04, ADL_05]",,,,,
DHHGAGE,"predictor, imputation-variable",Age,Age (10-year age groups),Demographics,Age,Categorical,Years,"cchs_2013_i, cchs_2014_i, cchs_2015_i, cchs_2016_i, cchs_2017_i, cchs_2018_i, cchs_2013_2014_i, cchs_2015_2016_i, cchs_2017_2018_i",DerivedVar::[DHH_AGE],"8 age groups: 18 to 19, 20 to 29, 30 to 39, 40 to 49, 50 to 59, 60 to 69, 70 to 79, 80+ years",,,,
DHHGAGE_cont,"predictor, table-1-a, imputation variable",Age,Continous age,Demographics,Age,Continuous,Years,"cchs_2013_i, cchs_2014_i, cchs_2015_i, cchs_2016_i, cchs_2017_i, cchs_2018_i, cchs_2013_2014_i, cchs_2015_2016_i, cchs_2017_2018_i", [DHH_AGE],Continuous age variable,,,,
age_X_arthritis,"interaction-term, predictor, imputation-variable",Age and arthritis interaction,Age and arthritis interaction,N/A,N/A,Categorical,N/A,"cchs_2013_i, cchs_2014_i, cchs_2015_i, cchs_2016_i, cchs_2017_i, cchs_2018_i, cchs_2013_2014_i, cchs_2015_2016_i, cchs_2017_2018_i","DerivedVar::[DHH_AGE, CCC_051]",,,,,
age_X_bowel_disorder,"imputation-variable, interaction-term",Age and bowel disorder interaction,Age and bowel disorder interaction,N/A,N/A,Categorical,N/A,"cchs_2013_i, cchs_2014_i, cchs_2015_i, cchs_2016_i, cchs_2017_i, cchs_2018_i, cchs_2013_2014_i, cchs_2015_2016_i, cchs_2017_2018_i","DerivedVar::[DHH_AGE, CCC_171]",,,,,
age_X_cancer,"predictor, imputation-variable, interaction-term",Age and cancer interaction,Age and cancer interaction,N/A,N/A,Categorical,N/A,"cchs_2013_i, cchs_2014_i, cchs_2015_i, cchs_2016_i, cchs_2017_i, cchs_2018_i, cchs_2013_2014_i, cchs_2015_2016_i, cchs_2017_2018_i","DerivedVar::[DHH_AGE, CCC_131]",,,,,
age_X_diabetes,"imputation-variable, interaction-term",Age and diabetes interaction,Age and diabetes interaction,N/A,N/A,Categorical,N/A,"cchs_2013_i, cchs_2014_i, cchs_2015_i, cchs_2016_i, cchs_2017_i, cchs_2018_i, cchs_2013_2014_i, cchs_2015_2016_i, cchs_2017_2018_i","DerivedVar::[DHH_AGE, CCC_101]",,,,,
age_X_drinker_type,"predictor, imputation-variable, interaction-term",Age and drinker type interaction,Age and drinker type interaction,N/A,N/A,Categorical,N/A,"cchs_2013_i, cchs_2014_i, cchs_2015_i, cchs_2016_i, cchs_2017_i, cchs_2018_i, cchs_2013_2014_i, cchs_2015_2016_i, cchs_2017_2018_i","DerivedVar::[DHH_AGE, ALCDTTM]",,,,,
age_X_drinks_last_week,"predictor, imputation-variable, interaction-term",Age and # of drinks last week interaction,Age and # of drinks last week interaction,N/A,N/A,Continuous,N/A,"cchs_2013_i, cchs_2014_i, cchs_2015_i, cchs_2016_i, cchs_2017_i, cchs_2018_i, cchs_2013_2014_i, cchs_2015_2016_i, cchs_2017_2018_i","DerivedVar::[DHH_AGE, ALW_1]",,,,,
age_X_education,"predictor, imputation-variable, interaction-term",Age and education level interaction,Age and education level interaction,N/A,N/A,Categorical,N/A,"cchs_2013_i, cchs_2014_i, cchs_2015_i, cchs_2016_i, cchs_2017_i, cchs_2018_i, cchs_2013_2014_i, cchs_2015_2016_i, cchs_2017_2018_i","DerivedVar::[DHH_AGE, CCC_171]",,,,,
age_X_hbp,"imputation-variable, interaction-term",Age and high blood pressure interaction,Age and high blood pressure interaction,N/A,N/A,Categorical,N/A,"cchs_2013_i, cchs_2014_i, cchs_2015_i, cchs_2016_i, cchs_2017_i, cchs_2018_i, cchs_2013_2014_i, cchs_2015_2016_i, cchs_2017_2018_i","DerivedVar::[DHH_AGE, CCC_171]",,,,,
age_X_heart_disease,"predictor, imputation-variable, interaction-term",age and heart disease interaction,age and heart disease interaction,N/A,N/A,Categorical,N/A,"cchs_2013_i, cchs_2014_i, cchs_2015_i, cchs_2016_i, cchs_2017_i, cchs_2018_i, cchs_2013_2014_i, cchs_2015_2016_i, cchs_2017_2018_i","DerivedVar::[DHH_AGE, CCC_171]",,,,,
age_X_mood_disorder,"predictor, interaction-term",age and mood disorder interaction,age and mood disorder interaction,N/A,N/A,Categorical,N/A,"cchs_2013_i, cchs_2014_i, cchs_2015_i, cchs_2016_i, cchs_2017_i, cchs_2018_i, cchs_2013_2014_i, cchs_2015_2016_i, cchs_2017_2018_i","DerivedVar::[DHH_AGE, CCC_171]",,,,,
age_X_COPD,"predictor, imputation-variable, interaction-term",Age and COPD interaction,Age and COPD interaction,N/A,N/A,Categorical,N/A,"cchs_2013_i, cchs_2014_i, cchs_2015_i, cchs_2016_i, cchs_2017_i, cchs_2018_i, cchs_2013_2014_i, cchs_2015_2016_i, cchs_2017_2018_i","DerivedVar::[DHH_AGE, CCC_171]",,,,,
age_X_smoking_status,"predictor, imputation-variable, interaction-term",Age and smoking status interaction,Age and smoking status interaction,N/A,N/A,Categorical,N/A,"cchs_2013_i, cchs_2014_i, cchs_2015_i, cchs_2016_i, cchs_2017_i, cchs_2018_i, cchs_2013_2014_i, cchs_2015_2016_i, cchs_2017_2018_i","DerivedVar::[DHH_AGE, CCC_171]",,,,,
age_X_stroke,"predictor, imputation-variable, interaction-term",Age and stroke interaction,Age and stroke interaction,N/A,N/A,Categorical,N/A,"cchs_2013_i, cchs_2014_i, cchs_2015_i, cchs_2016_i, cchs_2017_i, cchs_2018_i, cchs_2013_2014_i, cchs_2015_2016_i, cchs_2017_2018_i","DerivedVar::[DHH_AGE, CCC_171]",,,,,
age_X_anxiety,"predictor, imputation-variable, interaction-term",Age and anxiety disorder interaction,Age and anxiety disorder interaction,N/A,N/A,Categorical,N/A,"cchs_2013_i, cchs_2014_i, cchs_2015_i, cchs_2016_i, cchs_2017_i, cchs_2018_i, cchs_2013_2014_i, cchs_2015_2016_i, cchs_2017_2018_i","DerivedVar::[DHH_AGE, CCC_290]",,,,,
ALCDTTM,"table-1-a, intermediate",Drinker type (last 12 months),Type of drinker (12 months),Health behaviour,Alcohol,Categorical,N/A,"cchs2001_p, cchs2003_p, cchs2005_p, cchs2007_2008_p, cchs2009_2010_p, cchs2010_p, cchs2011_2012_p, cchs2012_p, cchs2013_2014_p, cchs2014_p, cchs2015_2016_p, cchs2017_2018_p, cchs2009_s, cchs2010_s, cchs2012_s, cchs_2014_i, cchs_2013_2014_i, cchs_2015_2016_i, cchs_2017_2018_i","cchs2001_p::ALCADTYP, cchs2003_p::ALCCDTYP, cchs2005_p::ALCEDTYP, cchs2015_2016_p::ALCDVTTM, cchs2017_2018_p::ALCDVTTM, cchs_2015_2016_i::ALCDVTTM, cchs_2017_2018_i::ALCDVTTM, [ALCDTTM]",,,,,
ALC_1,intermediate,Any alcohol- 12 months,"Past year, had any alcohol",Health behaviour,Alcohol,Categorical,N/A,"cchs2001_p, cchs2003_p, cchs2005_p, cchs2007_2008_p, cchs2009_2010_p, cchs2010_p, cchs2011_2012_p, cchs2012_p, cchs2013_2014_p, cchs2014_p, cchs2015_2016_p, cchs2017_2018_p, cchs_2013_2014_i, cchs_2015_2016_i, cchs_2017_2018_i","cchs2001_p::ALCA_1, cchs2003_p::ALCC_1, cchs2005_p::ALCE_1, cchs2015_2016_p::ALC_010, cchs2017_2018_p::ALC_010, cchs_2015_2016_i::ALC_010, cchs_2017_2018_i::ALC_010, [ALC_1]",,,,,
ALC_005,Intermediate,Any alcohol- Lifetime,"Lifetime, had any alcohol",Health behaviour,Alcohol,Categorical,N/A,"cchs2001_p, cchs2003_p, cchs2005_p, cchs2007_2008_p, cchs2015_2016_p, cchs2017_2018_p, cchs_2015_2016_i, cchs_2017_2018_i","cchs2001_p::ALCA_5B, cchs2003_p::ALCC_5B, cchs2005_p::ALCE_5B, cchs2007_2008_p::ALN_1, [ALC_005]",,,,,
ALW_1,intermediate,Any alcohol past week,"Past week, had any alcohol",Health behaviour,Alcohol,Categorical,N/A,"cchs2001_p, cchs2003_p, cchs2005_p, cchs2007_2008_p, cchs2009_2010_p, cchs2010_p, cchs2011_2012_p, cchs2012_p, cchs2013_2014_p, cchs2014_p, cchs2015_2016_p, cchs2017_2018_p, cchs2009_s, cchs2010_s, cchs2012_s, cchs_2014_i, cchs_2013_2014_i, cchs_2015_2016_i, cchs_2017_2018_i","cchs2001_p::ALCA_5, cchs2003_p::ALCC_5, cchs2005_p::ALCE_5, cchs2015_2016_p::ALW_005, cchs2017_2018_p::ALW_005, cchs2015_2016_i::ALW_005, cchs2017_2018_i::ALW_005, [ALW_1]",,,,,
ALW_2A1,intermediate,# of drinks - Sunday,Number of drinks on Sunday,Health behaviour,Alcohol,Continuous,drinks,"cchs2001_p, cchs2003_p, cchs2005_p, cchs2007_2008_p, cchs2009_2010_p, cchs2010_p, cchs2011_2012_p, cchs2012_p, cchs2013_2014_p, cchs2014_p, cchs2015_2016_p, cchs2017_2018_p, cchs_2014_i, cchs_2013_2014_i, cchs_2015_2016_i, cchs_2017_2018_i","cchs2001_p::ALCA_5A1, cchs2003_p::ALCC_5A1, cchs2005_p::ALCE_5A1, cchs2015_2016_p::ALW_010, cchs2017_2018_p::ALW_010, cchs2015_2016_i::ALW_010, cchs2017_2018_i::ALW_010,[ALW_2A1]",,,,,
ALW_2A2,intermediate,# of drinks - Monday,Number of drinks on Monday,Health behaviour,Alcohol,Continuous,drinks,"cchs2001_p, cchs2003_p, cchs2005_p, cchs2007_2008_p, cchs2009_2010_p, cchs2010_p, cchs2011_2012_p, cchs2012_p, cchs2013_2014_p, cchs2014_p, cchs2015_2016_p, cchs2017_2018_p, cchs_2014_i, cchs_2013_2014_i, cchs_2015_2016_i, cchs_2017_2018_i","cchs2001_p::ALCA_5A2, cchs2003_p::ALCC_5A2, cchs2005_p::ALCE_5A2, cchs2015_2016_p::ALW_015, cchs2017_2018_p::ALW_015, cchs2015_2016_i::ALW_015, cchs2017_2018_i::ALW_015, [ALW_2A2]",,,,,
ALW_2A3,intermediate,# of drinks - Tuesday,Number of drinks on Tuesday,Health behaviour,Alcohol,Continuous,drinks,"cchs2001_p, cchs2003_p, cchs2005_p, cchs2007_2008_p, cchs2009_2010_p, cchs2010_p, cchs2011_2012_p, cchs2012_p, cchs2013_2014_p, cchs2014_p, cchs2015_2016_p, cchs2017_2018_p, cchs_2014_i, cchs_2013_2014_i, cchs_2015_2016_i, cchs_2017_2018_i","cchs2001_p::ALCA_5A3, cchs2003_p::ALCC_5A3, cchs2005_p::ALCE_5A3, cchs2015_2016_p::ALW_020, cchs2017_2018_p::ALW_020, cchs2015_2016_i::ALW_020, cchs2017_2018_i::ALW_020, [ALW_2A3]",,,,,
ALW_2A4,intermediate,# of drinks - Wednesday,Number of drinks on Wednesday,Health behaviour,Alcohol,Continuous,drinks,"cchs2001_p, cchs2003_p, cchs2005_p, cchs2007_2008_p, cchs2009_2010_p, cchs2010_p, cchs2011_2012_p, cchs2012_p, cchs2013_2014_p, cchs2014_p, cchs2015_2016_p, cchs2017_2018_p, cchs_2014_i, cchs_2013_2014_i, cchs_2015_2016_i, cchs_2017_2018_i","cchs2001_p::ALCA_5A4, cchs2003_p::ALCC_5A4, cchs2005_p::ALCE_5A4, cchs2015_2016_p::ALW_025, cchs2017_2018_p::ALW_025, cchs2015_2016_i::ALW_025, cchs2017_2018_i::ALW_025,[ALW_2A4]",,,,,
ALW_2A5,intermediate,# of drinks - Thursday,Number of drinks on Thursday,Health behaviour,Alcohol,Continuous,drinks,"cchs2001_p, cchs2003_p, cchs2005_p, cchs2007_2008_p, cchs2009_2010_p, cchs2010_p, cchs2011_2012_p, cchs2012_p, cchs2013_2014_p, cchs2014_p, cchs2015_2016_p, cchs2017_2018_p, cchs_2014_i, cchs_2013_2014_i, cchs_2015_2016_i, cchs_2017_2018_i","cchs2001_p::ALCA_5A5, cchs2003_p::ALCC_5A5, cchs2005_p::ALCE_5A5, cchs2015_2016_p::ALW_030, cchs2017_2018_p::ALW_030, cchs2015_2016_i::ALW_030, cchs2017_2018_i::ALW_030,[ALW_2A5]",,,,,
ALW_2A6,intermediate,# of drinks - Friday,Number of drinks on Friday,Health behaviour,Alcohol,Continuous,drinks,"cchs2001_p, cchs2003_p, cchs2005_p, cchs2007_2008_p, cchs2009_2010_p, cchs2010_p, cchs2011_2012_p, cchs2012_p, cchs2013_2014_p, cchs2014_p, cchs2015_2016_p, cchs2017_2018_p, cchs_2014_i, cchs_2013_2014_i, cchs_2015_2016_i, cchs_2017_2018_i","cchs2001_p::ALCA_5A6, cchs2003_p::ALCC_5A6, cchs2005_p::ALCE_5A6, cchs2015_2016_p::ALW_035, cchs2017_2018_p::ALW_035, cchs2015_2016_i::ALW_035, cchs2017_2018_i::ALW_035, [ALW_2A6]",,,,,
ALW_2A7,intermediate,# of drinks - Saturday,Number of drinks on Saturday,Health behaviour,Alcohol,Continuous,drinks,"cchs2001_p, cchs2003_p, cchs2005_p, cchs2007_2008_p, cchs2009_2010_p, cchs2010_p, cchs2011_2012_p, cchs2012_p, cchs2013_2014_p, cchs2014_p, cchs2015_2016_p, cchs2017_2018_p, cchs_2014_i, cchs_2013_2014_i, cchs_2015_2016_i, cchs_2017_2018_i","cchs2001_p::ALCA_5A7, cchs2003_p::ALCC_5A7, cchs2005_p::ALCE_5A7, cchs2015_2016_p::ALW_040, cchs2017_2018_p::ALW_040, cchs2015_2016_i::ALW_040, cchs2017_2018_i::ALW_040[ALW_2A7]",,,,,
binge_drinker,intermediate,Binge Drinker,Binge Drinker,Health behaviour,Alcohol,Categorical,N/A,"cchs2001_p, cchs2003_p, cchs2005_p, cchs2007_2008_p, cchs2009_2010_p, cchs2010_p, cchs2011_2012_p, cchs2012_p, cchs2013_2014_p, cchs2014_p, cchs2015_2016_p, cchs2017_2018_p, cchs_2014_i, cchs_2013_2014_i, cchs_2015_2016_i, cchs_2017_2018_i","DerivedVar::[DHH_SEX, ALW_1, ALW_2A1, ALW_2A2, ALW_2A3, ALW_2A4, ALW_2A5, ALW_2A6, ALW_2A7]",,,,,
ALWDVLTR_der,predictor,long term drinking risk,Low drinking - Increased long term risks due to drinking,Health behaviour,Alcohol,Categorical,N/A,"cchs2001_p, cchs2003_p, cchs2005_p, cchs2007_2008_p, cchs2009_2010_p, cchs2010_p, cchs2011_2012_p, cchs2012_p, cchs2013_2014_p, cchs2014_p, cchs2015_2016_p, cchs2017_2018_p, cchs2009_s,  cchs2010_s, cchs2012_s, cchs_2014_i, cchs_2013_2014_i, cchs_2015_2016_i, cchs_2017_2018_i","DerivedVar::[DHH_SEX, ALWDWKY, ALC_1, ALW_1, ALW_2A1, ALW_2A2, ALW_2A3, ALW_2A4, ALW_2A5, ALW_2A6, ALW_2A7]",Risk based on Canada's Low Risk Alcohol Drinking Guidelines. Refer to https://osf.io/ykau5/ .,,,,
ALWDVSTR_der,predictor,Short term drinking risk,Low drinking - Increased short term risks due to drinking,Health behaviour,Alcohol,Categorical,N/A,"cchs2001_p, cchs2003_p, cchs2005_p, cchs2007_2008_p, cchs2009_2010_p, cchs2010_p, cchs2011_2012_p, cchs2012_p, cchs2013_2014_p, cchs2014_p, cchs2015_2016_p, cchs2017_2018_p, cchs2009_s,  cchs2010_s, cchs2012_s, cchs_2014_i, cchs_2013_2014_i, cchs_2015_2016_i, cchs_2017_2018_i","DerivedVar::[DHH_SEX, ALWDWKY, ALC_1, ALW_1, ALW_2A1, ALW_2A2, ALW_2A3, ALW_2A4, ALW_2A5, ALW_2A6, ALW_2A7]",Risk based on Canada's Low Risk Alcohol Drinking Guidelines. Refer to https://osf.io/ykau5/ .,,,,
ALWDWKY,intermediate,Drinks last week,Weekly consumption of alcohol,Health behaviour,Alcohol,Continuous,drinks/week,"cchs2001_p, cchs2003_p, cchs2005_p, cchs2007_2008_p, cchs2009_2010_p, cchs2010_p, cchs2011_2012_p, cchs2012_p, cchs2013_2014_p, cchs2014_p, cchs2015_2016_p, cchs2017_2018_p, cchs2009_s,  cchs2010_s, cchs2012_s, cchs_2014_i, cchs_2013_2014_i, cchs_2015_2016_i, cchs_2017_2018_i","cchs2001_p::ALCADWKY, cchs2003_p::ALCCDWKY, cchs2005_p::ALCEDWKY, cchs2015_2016_p::ALWDVWKY, cchs2017_2018_p::ALWDVWKY, cchs2015_2016_i::ALWDVWKY, cchs2017_2018_i::ALWDVWKY, [ALWDWKY]",,,,,
CCC_031,"predictor, imputation-variable",Asthma,Do you have asthma?,Health status,Chronic condition,Categorical,N/A,"cchs2001_p, cchs2003_p, cchs2005_p, cchs2007_2008_p, cchs2009_2010_p, cchs2010_p, cchs2011_2012_p, cchs2012_p, cchs2013_2014_p, cchs2014_p, cchs2015_2016_p, cchs2017_2018_p, cchs2009_s,  cchs2010_s, cchs2012_s, cchs_2013_i, cchs_2014_i, cchs_2015_i, cchs_2016_i, cchs_2017_i, cchs_2018_i, cchs_2013_2014_i, cchs_2015_2016_i, cchs_2017_2018_i","cchs2001_p::CCCA_031, cchs2003_p::CCCC_031, cchs2005_p::CCCE_031, cchs2015_2016_p::CCC_015, cchs2017_2018_p::CCC_015, cchs2015_2016_i::CCC_015, cchs2017_2018_i::CCC_015,[CCC_031]",,,,,
CCC_051,imputation-variable,Arthritis/Rheumatism,Do you have arthritis or rheumatism?,Health status,Chronic condition,Categorical,N/A,"cchs2001_p, cchs2003_p, cchs2005_p, cchs2007_2008_p, cchs2009_2010_p, cchs2010_p, cchs2011_2012_p, cchs2012_p, cchs2013_2014_p, cchs2014_p, cchs2015_2016_p, cchs2017_2018_p, cchs2009_s, cchs2010_s, cchs2012_s, cchs_2013_i, cchs_2014_i, cchs_2015_i, cchs_2016_i, cchs_2017_i, cchs_2018_i, cchs_2013_2014_i, cchs_2015_2016_i, cchs_2017_2018_i","cchs2001_p::CCCA_051, cchs2003_p::CCCC_051, cchs2005_p::CCCE_051, cchs2015_2016_p::CCC_050, cchs2017_2018_p::CCC_050, cchs2015_2016_i::CCC_050, cchs2017_2018_i::CCC_050,[CCC_051]",,,,,
CCC_061,"predictor, imputation-variable",Back Problems,Do you have back problems?,Health status,Chronic condition,Categorical,N/A,"cchs2001_p, cchs2003_p, cchs2005_p, cchs2007_2008_p, cchs2009_2010_p, cchs2010_p, cchs2011_2012_p, cchs2012_p, cchs2013_2014_p, cchs2014_p, cchs2015_2016_p, cchs2017_2018_p, cchs_2013_i, cchs_2014_i, cchs_2015_i, cchs_2016_i, cchs_2017_i, cchs_2018_i, cchs_2013_2014_i, cchs_2015_2016_i, cchs_2017_2018_i","cchs2001_p::CCCA_061, cchs2003_p::CCCC_061, cchs2005_p::CCCE_061, cchs2015_2016_p::CCC_055, cchs2017_2018_p::CCC_055, cchs2015_2016_i::CCC_055, cchs2017_2018_i::CCC_055, [CCC_061]",,,,,
CCC_071,"predictor, imputation-variable",Hypertension,Do you have high blood pressure?,Health status,Chronic condition,Categorical,N/A,"cchs2001_p, cchs2003_p, cchs2005_p, cchs2007_2008_p, cchs2009_2010_p, cchs2010_p, cchs2011_2012_p, cchs2012_p, cchs2013_2014_p, cchs2014_p, cchs2015_2016_p, cchs2017_2018_p, cchs2009_s, cchs2010_s, cchs2012_s, cchs_2013_i, cchs_2014_i, cchs_2015_i, cchs_2016_i, cchs_2017_i, cchs_2018_i, cchs_2013_2014_i, cchs_2015_2016_i, cchs_2017_2018_i","cchs2001_p::CCCA_071, cchs2003_p::CCCC_071, cchs2005_p::CCCE_071, cchs2015_2016_p::CCC_065, cchs2017_2018_p::CCC_065,cchs2015_2016_i::CCC_065, cchs2017_2018_i::CCC_065, [CCC_071]",,,,,
CCC_091,"predictor, imputation-variable",COPD/Emphysema/Bronchitis,"Do you have COPD (eg bronchitis, emphysema)?",Health status,Chronic condition,Categorical,N/A,"cchs2001_p, cchs2003_p, cchs2009_2010_p, cchs2010_p, cchs2011_2012_p, cchs2012_p, cchs2013_2014_p, cchs2014_p, cchs2015_2016_p, cchs2017_2018_p, cchs2009_s, cchs2010_s, cchs2012_s, cchs_2013_i, cchs_2014_i, cchs_2015_i, cchs_2016_i, cchs_2017_i, cchs_2018_i, cchs_2013_2014_i, cchs_2015_2016_i, cchs_2017_2018_i","cchs2001_p::CCCA_91B, cchs2003_p::CCCC_91B, cchs2015_2016_p::CCC_030, cchs2017_2018_p::CCC_030,cchs2015_2016_i::CCC_030, cchs2017_2018_i::CCC_030, [CCC_091]",,,,,
CCC_101,imputation-variable,Diabetes,Do you have diabetes?,Health status,Chronic condition,Categorical,N/A,"cchs2001_p, cchs2003_p, cchs2005_p, cchs2007_2008_p, cchs2009_2010_p, cchs2010_p, cchs2011_2012_p, cchs2012_p, cchs2013_2014_p, cchs2014_p, cchs2015_2016_p, cchs2017_2018_p, cchs2009_s, cchs2010_s, cchs2012_s, cchs_2013_i, cchs_2014_i, cchs_2015_i, cchs_2016_i, cchs_2017_i, cchs_2018_i, cchs_2013_2014_i, cchs_2015_2016_i, cchs_2017_2018_i","cchs2001_p::CCCA_101, cchs2003_p::CCCC_101, cchs2005_p::CCCE_101, cchs2015_2016_p::CCC_095, cchs2017_2018_p::CCC_095, cchs2015_2016_i::CCC_095, cchs2017_2018_i::CCC_095, [CCC_101]",,,,,
CCC_121,"predictor, imputation-variable",Heart Disease,Do you have heart disease?,Health status,Chronic condition,Categorical,N/A,"cchs2001_p, cchs2003_p, cchs2005_p, cchs2007_2008_p, cchs2009_2010_p, cchs2010_p, cchs2011_2012_p, cchs2012_p, cchs2013_2014_p, cchs2014_p, cchs2015_2016_p, cchs2017_2018_p, cchs2009_s, cchs2010_s, cchs2012_s, cchs_2013_i, cchs_2014_i, cchs_2015_i, cchs_2016_i, cchs_2017_i, cchs_2018_i, cchs_2013_2014_i, cchs_2015_2016_i, cchs_2017_2018_i","cchs2001_p::CCCA_121, cchs2003_p::CCCC_121, cchs2005_p::CCCE_121, cchs2015_2016_p::CCC_085, cchs2017_2018_p::CCC_085, cchs2015_2016_i::CCC_085, cchs2017_2018_i::CCC_085, [CCC_121]",,,,,
CCC_131,"predictor, imputation-variable",Active Cancer,Do you have cancer?,Health status,Chronic condition,Categorical,N/A,"cchs2001_p, cchs2003_p, cchs2005_p, cchs2007_2008_p, cchs2009_2010_p, cchs2010_p, cchs2011_2012_p, cchs2012_p, cchs2013_2014_p, cchs2014_p, cchs2015_2016_p, cchs2017_2018_p, cchs2009_s, cchs2010_s, cchs2012_s, cchs_2013_i, cchs_2014_i, cchs_2015_i, cchs_2016_i, cchs_2017_i, cchs_2018_i, cchs_2013_2014_i, cchs_2015_2016_i, cchs_2017_2018_i","cchs2001_p::CCCA_131, cchs2003_p::CCCC_131, cchs2005_p::CCCE_131, cchs2015_2016_p::CCC_130, cchs2017_2018_p::CCC_130, cchs2015_2016_i::CCC_130, cchs2017_2018_i::CCC_130,[CCC_131]",,,,,
CCC_151,"predictor, imputation-variable",Stroke,Do you suffer from effects of stroke?,Health status,Chronic condition,Categorical,N/A,"cchs2001_p, cchs2003_p, cchs2005_p, cchs2007_2008_p, cchs2009_2010_p, cchs2010_p, cchs2011_2012_p, cchs2012_p, cchs2013_2014_p, cchs2014_p, cchs2015_2016_p, cchs2017_2018_p, cchs2009_s, cchs2010_s, cchs2012_s, cchs_2013_i, cchs_2014_i, cchs_2015_i, cchs_2016_i, cchs_2017_i, cchs_2018_i, cchs_2013_2014_i, cchs_2015_2016_i, cchs_2017_2018_i","cchs2001_p::CCCA_151, cchs2003_p::CCCC_151, cchs2005_p::CCCE_151, cchs2015_2016_p::CCC_090, cchs2017_2018_p::CCC_090, cchs2015_2016_i::CCC_090, cchs2017_2018_i::CCC_090, [CCC_151]",,,,,
CCC_171,imputation-variable,Bowel Disorder,Do you have bowel disorder?,Health status,Chronic condition,Categorical ,N/A,"cchs2001_p, cchs2003_p, cchs2005_p, cchs2007_2008_p, cchs2009_2010_p, cchs2010_p, cchs2011_2012_p, cchs2012_p, cchs2013_2014_p, cchs2014_p, cchs2015_2016_p, cchs2017_2018_p, cchs2009_s, cchs2010_s, cchs2012_s, cchs_2013_i, cchs_2014_i, cchs_2015_i, cchs_2016_i, cchs_2017_i, cchs_2018_i, cchs_2013_2014_i, cchs_2015_2016_i, cchs_2017_2018_i",,,,,,
CCC_280,predictor,Mood disorder,Do you have a mood disorder?,Health status,Chronic condition,Categorical,N/A,"cchs2001_p, cchs2003_p, cchs2005_p, cchs2007_2008_p, cchs2009_2010_p, cchs2010_p, cchs2011_2012_p, cchs2012_p, cchs2013_2014_p, cchs2014_p, cchs2015_2016_p, cchs2017_2018_p, cchs2009_s, cchs2010_s, cchs2012_s, cchs_2013_i, cchs_2014_i, cchs_2015_i, cchs_2016_i, cchs_2017_i, cchs_2018_i, cchs_2013_2014_i, cchs_2015_2016_i, cchs_2017_2018_i","cchs2003_p::CCCC_280, cchs2005_p::CCCE_280, cchs2015_2016_p::CCC_195, cchs2017_2018_p::CCC_195, cchs2015_2016_i::CCC_195, cchs2017_2018_i::CCC_195, [CCC_280]",,,,,
CCC_290,predictor,Anxiety Disorder,Do you have an anxiety disorder?,Health status,Chronic condition,Categorical,N/A,"cchs2003_p, cchs2005_p, cchs2007_2008_p, cchs2009_2010_p, cchs2010_p, cchs2011_2012_p, cchs2012_p, cchs2013_2014_p, cchs2014_p, cchs2015_2016_p, cchs2017_2018_p, cchs2009_s, cchs2010_s, cchs2012_s, cchs_2013_i, cchs_2014_i, cchs_2015_i, cchs_2016_i, cchs_2017_i, cchs_2018_i, cchs_2013_2014_i, cchs_2015_2016_i, cchs_2017_2018_i","cchs2003_p::CCCC_290, cchs2005_p::CCCE_290, cchs2015_2016_p::CCC_200, cchs2017_2018_p::CCC_200, cchs2015_2016_i::CCC_200, cchs2017_2018_i::CCC_200, [CCC_290]",,,,,
resp_condition,intermediate,Respiratory condition,Respiratory condition,Health status,Chronic condition,Categorical,N/A,"cchs2001_p, cchs2003_p, cchs2005_p, cchs2007_2008_p, cchs2009_2010_p, cchs2010_p, cchs2011_2012_p, cchs2012_p, cchs2013_2014_p, cchs2014_p, cchs2015_2016_p, cchs2017_2018_p, cchs2009_m, cchs2010_m, cchs2012_m, cchs_2013_i, cchs_2014_i, cchs_2015_i, cchs_2016_i, cchs_2017_i, cchs_2018_i, cchs_2013_2014_i, cchs_2015_2016_i, cchs_2017_2018_i","DerivedVar::[DHHGAGE_cont, CCC_091, CCC_031], DerivedVar::[DHHGAGE_cont, CCC_91E, CCC_91F, CCC_91A, CCC_031], DerivedVar::[DHHGAGE_cont, CCC_091, CCC_91A, CCC_031]",,,,,
DHH_SEX,"predictor, table-1-a-stratifier",Sex,Sex,Demographics,Sex,Categorical,N/A,"cchs2001_p, cchs2003_p, cchs2005_p, cchs2007_2008_p, cchs2009_2010_p, cchs2010_p, cchs2011_2012_p, cchs2012_p, cchs2013_2014_p, cchs2014_p, cchs2015_2016_p, cchs2017_2018_p, cchs2009_s, cchs2010_s, cchs2012_s, cchs_2013_i, cchs_2014_i, cchs_2015_i, cchs_2016_i, cchs_2017_i, cchs_2018_i, cchs_2013_2014_i, cchs_2015_2016_i, cchs_2017_2018_i","cchs2001_p::DHHA_SEX, cchs2003_p::DHHC_SEX, cchs2005_p::DHHE_SEX, [DHH_SEX]",,,,,
DHH_OWN,imputation-variable,Home ownership,Dwelling - owned by a member of hsld,Sociodemographics,Home ownership,Categorical,N/A,"cchs2001_p, cchs2003_p, cchs2005_p, cchs2007_2008_p, cchs2009_2010_p, cchs2010_p, cchs2011_2012_p, cchs2012_p, cchs2013_2014_p, cchs2014_p, cchs_2013_i, cchs_2014_i, cchs_2015_i, cchs_2016_i, cchs_2017_i, cchs_2018_i, cchs_2013_2014_i, cchs_2015_2016_i, cchs_2017_2018_i","cchs2001_p::DHHA_OWN, cchs2003_p::DHHC_OWN, cchs2005_p::DHHE_OWN, [DHH_OWN]",,,,,
DHH_MS,"predictor, table-1-a",Marital status,Marital status - (G),Sociodemographics,Marital Status,Categorical,N/A,"cchs2001_p, cchs2003_p, cchs2005_p, cchs2007_2008_p, cchs2009_2010_p, cchs2010_p, cchs2011_2012_p, cchs2012_p, cchs2013_2014_p, cchs2014_p, cchs2015_2016_p, cchs2017_2018_p, cchs2009_s, cchs2010_s, cchs2012_s, cchs_2013_i, cchs_2014_i, cchs_2015_i, cchs_2016_i, cchs_2017_i, cchs_2018_i, cchs_2013_2014_i, cchs_2015_2016_i, cchs_2017_2018_i","cchs2001_p::DHHAGMS, cchs2003_p::DHHCGMS, cchs2005_p::DHHEGMS, cchs2009_s::DHH_iS, cchs2010_s::DHH_iS, cchs2012_s::DHH_MS, [DHH_MS]",,,,,
EDUDR04,intermediate,Highest level education,Highest level/education - 4 categories,Sociodemographics,Education,Categorical,N/A,"cchs2001_p, cchs2003_p, cchs2005_p, cchs2007_2008_p, cchs2009_2010_p, cchs2010_p, cchs2011_2012_p, cchs2012_p, cchs2013_2014_p, cchs2014_p, cchs2009_s, cchs2010_s, cchs2012_s,  cchs_2013_i, cchs_2014_i, cchs_2013_2014_i","cchs2001_p::EDUADR04, cchs2003_p::EDUCDR04, cchs2005_p::EDUEDR04, cchs2015_2016_p::EHG2DVR3, cchs2017_2018_p::EHG2DVR3, [EDUDR04]",,,,,
EDUDR03,indermediate,Highest level education,Highest level/education - 3 categories,Sociodemographics,Education,Categorical,N/A,"cchs2015_2016_p, cchs2017_2018_p, cchs_2015_i, cchs_2016_i, cchs_2017_i, cchs_2018_i,  cchs_2015_2016_i, cchs_2017_2018_i","cchs2015_2016_p::EHG2DVR3, cchs2017_2018_p::EHG2DVR3, cchs2015_2016_I::EHG2DVR3, cchs2017_2018_I::EHG2DVR3",,,,,
EDU_1,intermediate,Highest grade completed,What is the highest grade of elementary or high school you ever completed?,Sociodemographics,Education,Categorical,N/A,"cchs_2013_i, cchs_2014_i, cchs_2015_i, cchs_2016_i, cchs_2017_i, cchs_2018_i, cchs_2013_2014_i, cchs_2015_2016_i, cchs_2017_2018_i","cchs2015_2016_i::EHG2_01, cchs2017_2018_i::EHG2_01, [EDU_1]",,,,,
EDU_2,intermediate,Graduated from high school,Did you complete a high school diploma or equivalent?,Sociodemographics,Education,Categorical,N/A,"cchs_2013_i, cchs_2014_i, cchs_2015_i, cchs_2016_i, cchs_2017_i, cchs_2018_i, cchs_2013_2014_i, cchs_2015_2016_i, cchs_2017_2018_i","cchs2015_2016_i::EHG2_02, cchs2017_2018_i::EHG2_02, [EDU_2]",,,,,
EDU_3,intermediate,Any other education,"Any other educaiton that could be counted towards certificate, diploma or degree",Sociodemographics,Education,Categorical,N/A,"cchs_2013_i, cchs_2014_i, cchs_2015_i, cchs_2016_i, cchs_2017_i, cchs_2018_i, cchs_2013_2014_i, cchs_2015_2016_i, cchs_2017_2018_i","cchs2015_2016_i::EHG2_03, cchs2017_2018_i::EHG2_03, [EDU_3]",,,,,
EDU_4A,intermediate,Highest Degree completed ,"What is the highest certificate, diploma or degree that you have completed?",Sociodemographics,Education,Categorical,N/A,"cchs_2013_i, cchs_2014_i, cchs_2015_i, cchs_2016_i, cchs_2017_i, cchs_2018_i, cchs_2013_2014_i, cchs_2015_2016_i, cchs_2017_2018_i","cchs2015_2016_i::EHG2_04, cchs2017_2018_i::EHG2_04, [EDU_4A]",,,,,
education_cat3_der,predictor,Highest level education,Highest level/education - 3 categories,Sociodemographics,Education,Categorical,N/A,"cchs_2013_i, cchs_2014_i, cchs_2015_i, cchs_2016_i, cchs_2017_i, cchs_2018_i, cchs_2013_2014_i, cchs_2015_2016_i, cchs_2017_2018_i","DerivedVar::[EDU_1, EDU_2, EDU_3, EDU_4A]",,,,,
FSCDHFS2,predictor,HC food security,Household food security status - (HC),Sociodemographics,Food security,Categorical,N/A,"cchs2007_2008_p, cchs2009_2010_p, cchs2010_p, cchs2011_2012_p, cchs2012_p, cchs2013_2014_p, cchs2014_p, cchs_2013_i, cchs_2014_i, cchs_2013_2014_i, cchs_2017_2018_i","cchs2015_2016_p::FSCDVHFS, cchs2017_2018_p::FSCDVHFS, cchs2017_2018_i::FSCDVHFS [FSCDHFS2]",,,,,
GEN_01,imputation-variable,Self-perceived health,Self-perceived health,Health status,Self-perceived health,Categorical,N/A,"cchs2001_p, cchs2003_p, cchs2005_p, cchs2007_2008_p, cchs2009_2010_p, cchs2010_p, cchs2011_2012_p, cchs2012_p, cchs2013_2014_p, cchs2014_p, cchs2015_2016_p, cchs2017_2018_p, cchs2009_s, cchs2010_s, cchs2012_s","cchs2001_p::GENA_01, cchs2003_p::GENC_01, cchs2005_p::GENE_01, cchs2015_2016_p::GEN_005, cchs2017_2018_p::GEN_005, [GEN_01]",,,,,
GEN_02A,"predictor, imputation-variable",Life satisfaction,Satisfaction with life- cat,Health status,Satisfaction with life,Categorical,N/A,"cchs2003_p, cchs2005_p, cchs2007_2008_p","cchs2003_p::GENC_02A, cchs2005_p::GENE_02A, [GEN_02A]",,,,,
GEN_02A2,indermediate,Life satisfaction,Satisfaction with life- cont,Health status,,,,,,,,,,
GEN_02B,"predictor, imputation-variable, table-1-a",Self-perceived mental health,Self-perceived mental health,Health status,Mental health,Categorical,N/A,"cchs2003_p, cchs2005_p, cchs2007_2008_p, cchs2009_2010_p, cchs2010_p, cchs2011_2012_p, cchs2012_p, cchs2013_2014_p, cchs2014_p, cchs2015_2016_p, cchs2017_2018_p, cchs2009_s, cchs2010_s, cchs2012_s","cchs2003_p::GENC_02B, cchs2005_p::GENE_02B, cchs2015_2016_p::GEN_015, cchs2017_2018_p::GEN_015, [GEN_02B]",,,,,
GEN_07,predictor,Self-perceived life stress,Self-perceived life stress,Health status,Mental health,Categorical,N/A,"cchs2001_p, cchs2003_p, cchs2005_p, cchs2007_2008_p, cchs2009_2010_p, cchs2010_p, cchs2011_2012_p, cchs2012_p, cchs2013_2014_p, cchs2014_p, cchs2015_2016_p, cchs2017_2018_p, cchs2009_s, cchs2010_s, cchs2012_s","cchs2001_p::GENA_07, cchs2003_p::GENC_07, cchs2005_p::GENE_07, cchs2015_2016_p::GEN_020, cchs2017_2018_p:: GEN_020, [GEN_07]",,,,,
GEN_09,predictor,Self-perceived work stress,Self-perceived work stress,Health status,Mental health,Categorical,N/A,"cchs2001_p, cchs2003_p, cchs2005_p, cchs2007_2008_p, cchs2009_2010_p, cchs2010_p, cchs2011_2012_p, cchs2012_p, cchs2013_2014_p, cchs2014_p, cchs2015_2016_p, cchs2017_2018_p, cchs2009_s, cchs2010_s, cchs2012_s","cchs2001_p::GENA_09, cchs2003_p::GENC_09, cchs2005_p::GENE_09, cchs2015_2016_p::GEN_025, cchs2017_2018_p::GEN_025, [GEN_09]",,,,,
GEN_10,"predictor, imputation-variable, table-1-a",Sense of belonging,Sense of belonging in the community,Health status,Mental health,Categorical,N/A,"cchs2001_p, cchs2003_p, cchs2005_p, cchs2007_2008_p, cchs2009_2010_p, cchs2010_p, cchs2011_2012_p, cchs2012_p, cchs2013_2014_p, cchs2014_p, cchs2015_2016_p, cchs2017_2018_p, cchs2009_s, cchs2010_s, cchs2012_s","cchs2001_p::GENA_10, cchs2003_p::GENC_10, cchs2005_p::GENE_10, cchs2015_2016_p::GEN_030, cchs2017_2018_p::GEN_030, [GEN_10]",,,,,
HWTGHTM,intermediate,Height,"Height (metres)/self-reported - (D,G)",Health status,Height,Continuous,meters,"cchs2001_p, cchs2003_p, cchs2005_p, cchs2007_2008_p, cchs2009_2010_p, cchs2010_p, cchs2011_2012_p, cchs2012_p, cchs2013_2014_p, cchs2014_p, cchs_2013_i, cchs_2014_i, cchs_2015_i, cchs_2016_i, cchs_2017_i, cchs_2018_i, cchs_2013_2014_i, cchs_2015_2016_i, cchs_2017_2018_i","cchs2001_p::HWTAGHT, cchs2003_p::HWTCGHT, cchs2005_p::HWTEGHTM, cchs2015_2016_i::HWTDVHTM, cchs2017_2018_i::HWTDVHTM, [HWTGHTM]",,,,,
HWTGWTK,intermediate,Weight,"Weight - kilograms (D, G)",Health status,Weight,Continuous,kg,"cchs2001_p, cchs2003_p, cchs2005_p, cchs2007_2008_p, cchs2009_2010_p, cchs2010_p, cchs2011_2012_p, cchs2012_p, cchs2013_2014_p, cchs2014_p, cchs_2013_i, cchs_2014_i, cchs_2015_i, cchs_2016_i, cchs_2017_i, cchs_2018_i, cchs_2013_2014_i, cchs_2015_2016_i, cchs_2017_2018_i","cchs2001_p::HWTAGWTK, cchs2003_p::HWTCGWTK, cchs2005_p::HWTEGWTK, cchs2015_2016_i::HWTDVWTK, cchs2017_2018_i::HWTDVWTK, [HWTGWTK]",,,,,
HWTGBMI_der,"intermediate, imputation-predictor, missing-desc-table, truncate",Derived BMI,Derived Body Mass Index,Health status,BMI,Continuous,kg/m2,"cchs2001_p, cchs2003_p, cchs2005_p, cchs2007_2008_p, cchs2009_2010_p, cchs2010_p, cchs2011_2012_p, cchs2012_p, cchs2013_2014_p, cchs2014_p, cchs_2013_i, cchs_2014_i, cchs_2015_i, cchs_2016_i, cchs_2017_i, cchs_2018_i, cchs_2013_2014_i, cchs_2015_2016_i, cchs_2017_2018_i","DerivedVar::[HWTGHTM, HWTGWTK]",,,,,
HUP_01,intermediate,Free of pain and discomfort,Are you usually free of pain or discomfort?,Health status,Health utility index,Categorical,,,,,,,,
HUP_02,intermediate,Pain discomfort- activities prevented,How do you describe the usual intensity of your pain?,Health status,Health utility index,Categorical,,,,,,,,
HUPDPAD,predictor,HUI Pain,Act. prevent/pain - function code - (D),Health status,Health utility index,Categorical,N/A,"cchs2001_p, cchs2003_p, cchs2005_p, cchs2007_2008_p, cchs2009_2010_p, cchs2010_p, cchs2012_p, cchs2013_2014_p, cchs2014_p, cchs2015_2016_p, cchs2009_s, cchs2010_s, cchs2012_s","cchs2001_p::HUIADPAD, cchs2003_p::HUICDPAD, cchs2005_p::HUIEDPAD, cchs2015_2016_p::HUIDVPAD, [HUPDPAD]",,,,,
INCDHH,predictor,Household income,Total household income from all sources - continuous,Sociodemographics,Income,Continuous,$/year,"cchs2001_p, cchs2003_p, cchs2005_p, cchs2007_2008_p, cchs2009_2010_p, cchs2010_p, cchs2011_2012_p, cchs2012_p, cchs2013_2014_p, cchs2014_p, cchs2015_2016_p, cchs2017_2018_p, cchs2009_s, cchs2010_s, cchs2012_s","cchs2001_p::INCAGHH, cchs2003_p::INCCGHH, cchs2005_p::INCEGHH, cchs2015_2016_p::INCDGHH, cchs2017_2018_p::INCDGHH, cchs2009_s::INCDHH, cchs2010_s::INCDHH, cchs2012_s::INCDHH, [INCGHH]",,,,,
INCDRCA,predictor,Household income distribution,Household income distribution,Sociodemographics,Income,Categorical,,,,,,,,
INCDRRS,predictor,Household income distribution,Household income distribution- health region level,Sociodemographics,Income,Categorical,,,,,,,,
number_conditions,predictor,Number of conditions,Number of chronic conditions,Health status,Chronic condition,Categorical,N/A,"cchs2001_p, cchs2003_p, cchs2005_p, cchs2007_2008_p, cchs2009_2010_p, cchs2010_p, cchs2011_2012_p, cchs2012_p, cchs2013_2014_p, cchs2014_p, cchs2009_s, cchs2010_s, cchs2012_s","DerivedVar::[CCC_121, CCC_131, CCC_151, CCC_171, resp_condition_der, CCC_051], DerivedVar::[CCC_121, CCC_131, CCC_151, CCC_171, CCC_280, resp_condition_der, CCC_051]",,,,,
LBFCDWSS,predictor,working status,Working status last week,Sociodemographics,Occupation,Categorical,N/A,"cchs2003_p, cchs2005_p, cchs2007_2008_p, cchs2009_2010_p, cchs2010_p, cchs2011_2012_p, cchs2012_p, cchs2013_2014_p, cchs2014_p, cchs2015_2016_p, cchs2017_2018_p, cchs2009_s, cchs2010_s, cchs2012_s","cchs2001_p::, cchs2003_p::HUICDPAD, cchs2005_p::HUIEDPAD, cchs2015_2016_p::HUIDVPAD, [HUPDPAD]",,,,,
SDCGCGT,"predictor, table-1-a",Ethnicity,"Cultural or racial origin - (D, G)",Sociodemographics,Ethnicity,Categorical,N/A,"cchs2001_p, cchs2003_p, cchs2005_p, cchs2007_2008_p, cchs2009_2010_p, cchs2010_p, cchs2011_2012_p, cchs2012_p, cchs2013_2014_p, cchs2014_p, cchs2015_2016_p, cchs2017_2018_p","cchs2001_p::SDCAGRAC, cchs2003_p::SDCCGRAC, cchs2005_p::SDCEGCGT, cchs2015_2016_p::SDCDGCGT, cchs2017_2018_p::SDCDGCGT, [SDCGCGT]",,,,,
SMK_01A,intermediate,,"In lifetime, smoked 100 or more cigarettes",Health behaviour,Smoking,Categorical,N/A,"cchs2001_p, cchs2003_p, cchs2005_p, cchs2007_2008_p, cchs2009_2010_p, cchs2010_p, cchs2011_2012_p, cchs2012_p, cchs2013_2014_p, cchs2014_p, cchs2015_2016_p, cchs2017_2018_p, cchs2009_s, cchs2010_s, cchs2012_s","cchs2001_p::SMKA_01A, cchs2003_p::SMKC_01A, cchs2005_p::SMKE_01A, cchs2015_2016_p::SMK_020, cchs2017_2018_p::SMK_020, [SMK_01A]",,,,,
SMK_05B,intermediate,cigdayo,# of cigarettes smoked daily - occasional smoker,Health behaviour,Smoking,Continuous,cigarettes,"cchs2001_p, cchs2003_p, cchs2005_p, cchs2007_2008_p, cchs2009_2010_p, cchs2010_p, cchs2011_2012_p, cchs2012_p, cchs2013_2014_p, cchs2014_p, cchs2015_2016_p, cchs2017_2018_p","cchs2001_p::SMKA_05B, cchs2003_p::SMKC_05B, cchs2005_p::SMKE_05B, cchs2015_2016_p::SMK_050, cchs2017_2018_p::SMK_050, [SMK_05B]",,,,,
SMK_05C,intermediate,Number of days - smoked 1 cigarette or more (occ. smoker),"In the past month, on how many days have you smoked 1 or more cigarettes?",Health behaviour,Smoking,Continuous,days,"cchs2001_p, cchs2003_p, cchs2005_p, cchs2007_2008_p, cchs2009_2010_p, cchs2010_p, cchs2011_2012_p, cchs2012_p, cchs2013_2014_p, cchs2014_p, cchs2015_2016_p, cchs2017_2018_p, cchs2009_s, cchs2010_s, cchs2012_s","cchs2001_p::SMKA_05C, cchs2003_p::SMKC_05C, cchs2005_p::SMKE_05C, cchs2015_2016_p::SMK_055, cchs2017_2018_p::SMK_055, [SMK_05C]",,,,,
SMK_09A_B,intermediate,stpd,When did you stop smoking daily - former daily,Health behaviour,Smoking,Categorical,Years,"cchs2003_p, cchs2005_p, cchs2007_2008_p, cchs2009_2010_p, cchs2010_p, cchs2011_2012_p, cchs2012_p, cchs2013_2014_p, cchs2014_p, cchs2015_2016_p, cchs2017_2018_p, cchs2009_s, cchs2010_s, cchs2012_s","cchs2003_p::SMKC_09A, cchs2005_p::SMKE_09A, cchs2015_2016_p::SMK_080, cchs2017_2018_p::SMK_080, [SMK_09A]",,,,,
SMK_204,intermediate,cigdayd,# of cigarettes smoked daily - daily smoker,Health behaviour,Smoking,Continuous,cigarettes,"cchs2001_p, cchs2003_p, cchs2005_p, cchs2007_2008_p, cchs2009_2010_p, cchs2010_p, cchs2011_2012_p, cchs2012_p, cchs2013_2014_p, cchs2014_p, cchs2015_2016_p, cchs2017_2018_p","cchs2001_p::SMKA_204, cchs2003_p::SMKC_204, cchs2005_p::SMKE_204, cchs2015_2016_p::SMK_045, cchs2017_2018_p::SMK_045, [SMK_204]",,,,,
SMK_208,intermediate,# of cigarettes smoke each day - former daily,# of cigarettes smoked each day - former daily smoker,Health behaviour,Smoking,Continuous,cigarettes,"cchs2001_p, cchs2003_p, cchs2005_p, cchs2007_2008_p, cchs2009_2010_p, cchs2010_p, cchs2011_2012_p, cchs2012_p, cchs2013_2014_p, cchs2014_p","cchs2001_p::SMKA_208, cchs2003_p::SMKC_208, cchs2005_p::SMKE_208, [SMK_208]",,,,,
SMKDSTY,intermediate,Smoking status,"Type of smoker: daily, occasional, former daily, former occasional, never",Health behaviour,Smoking,Categorical,N/A,"cchs2001_p, cchs2003_p, cchs2005_p, cchs2007_2008_p, cchs2009_2010_p, cchs2010_p, cchs2011_2012_p, cchs2012_p, cchs2013_2014_p, cchs2014_p, cchs2015_2016_p, cchs2017_2018_p, cchs2009_s, cchs2010_s, cchs2012_s","cchs2001_p::SMKADSTY, cchs2003_p::SMKCDSTY, cchs2005_p::SMKEDSTY, cchs2015_2016_p::SMKDVSTY, cchs2017_2018_p::SMKDVSTY, [SMKDSTY]","Re-categorization of SMKDSTY to be used for smoking imputation. SMKDSTY_cat5 is a 5 category variable for smoking status for cycles up to 2018. Prior to 2015, 'occasional' and 'always occasional' are combined to form the current 'occasional' category. 2015 onwards, 'former occasional' and 'experimental' are combined to form the current 'former occasional' category",,,,
SMKG09C,intermediate,stpdy,Years since stopped smoking daily - former daily,Health behaviour,Smoking,Categorical,Years,"cchs2003_p, cchs2005_p, cchs2007_2008_p, cchs2009_2010_p, cchs2010_p, cchs2011_2012_p, cchs2012_p, cchs2013_2014_p, cchs2014_p, cchs2015_2016_p, cchs2017_2018_p, cchs2009_s, cchs2010_s, cchs2012_s","cchs2003_p::SMKCG09C, cchs2005_p::SMKEG09C, cchs2015_2016_p::SMKG090, cchs2017_2018_p::SMKG090, cchs2009_s::SMK_09C, cchs2010_s::SMK_09C, cchs2012_s::SMK_09C, [SMKG09C]",,,,,
SMKG203_cont,intermediate,agecigd,Age started to smoke daily - daily smoker (G),Health behaviour,Smoking,Continuous,Years,"cchs2001_p, cchs2003_p, cchs2005_p, cchs2007_2008_p, cchs2009_2010_p, cchs2010_p, cchs2011_2012_p, cchs2012_p, cchs2013_2014_p, cchs2014_p, cchs2015_2016_p, cchs2017_2018_p, cchs2009_s, cchs2010_s, cchs2012_s","cchs2001_p::SMKAG203, cchs2003_p::SMKCG203, cchs2005_p::SMKEG203, cchs2009_s::SMK_203, cchs2010_s::SMK_203, cchs2012_s::SMK_203, [SMKG203], DerivedVar::[SMK_005, SMKG040]",,,,,
SMK207,intermediate,agecigfd,Age started to smoke daily - former daily smoker,Health behaviour,Smoking,Continuous,Years,"cchs2001_p, cchs2003_p, cchs2005_p, cchs2007_2008_p, cchs2009_2010_p, cchs2010_p, cchs2011_2012_p, cchs2012_p, cchs2013_2014_p, cchs2014_p, cchs2015_2016_p, cchs2017_2018_p, cchs2009_s, cchs2010_s, cchs2012_s","cchs2001_p::SMKAG207, cchs2003_p::SMKCG207, cchs2005_p::SMKEG207, cchs2009_s::SMK_207, cchs2010_s::SMK_207, cchs2012_s::SMK_207, [SMKG207], DerivedVar::[SMK_030, SMKG040]",,,,,
smoke_simple,predictor,Simple smoking status,Simple smoking status,Health behaviour,Smoking,Categorical,N/A,"cchs2003_p, cchs2005_p, cchs2007_2008_p, cchs2009_2010_p, cchs2010_p, cchs2011_2012_p, cchs2012_p, cchs2013_2014_p, cchs2014_p, cchs2015_2016_p, cchs2017_2018_p, cchs2009_s, cchs2010_s, cchs2012_s","DerivedVar::[SMKDSTY_cat5, time_quit_smoking]",,,,,
time_quit_smoking,intermediate,Time since quit,Time since quit smoking,Health behaviour,Smoking,Continuous,Years,"cchs2003_p, cchs2005_p, cchs2007_2008_p, cchs2009_2010_p, cchs2010_p, cchs2011_2012_p, cchs2012_p, cchs2013_2014_p, cchs2014_p, cchs2015_2016_p, cchs2017_2018_p, cchs2009_s, cchs2010_s, cchs2012_s","DerivedVar::[SMK_09A_B, SMKG09C]",,,,,
SurveyCycle,predictor,,,,,,,,,,,,,
WTS_i,weight,Weight,Weights,N/A,N/A,Continuous,N/A,"cchs2001_p, cchs2003_p, cchs2005_p, cchs2007_2008_p, cchs2009_2010_p, cchs2010_p, cchs2011_2012_p, cchs2012_p, cchs2013_2014_p, cchs2014_p, cchs2015_2016_p, cchs2017_2018_p, cchs2009_s, cchs2010_s, cchs2012_s","cchs2001_p::WTSAM, cchs2003_p::WTSC_i, cchs2005_p::WTSE_i, [WTS_i]",,,,,